Name,Description,Category,Source,License,URL
"2CylinderEngine","Two-cylinder engine block showcasing PBR materials","Mechanical","Khronos glTF-Sample-Models","CC0","https://github.com/KhronosGroup/glTF-Sample-Models/tree/main/2.0/2CylinderEngine"
"AntiqueCamera","Vintage bellows camera with detailed mechanical parts","PBR Showcase","Khronos glTF-Sample-Models","CC0","https://github.com/KhronosGroup/glTF-Sample-Models/tree/main/2.0/AntiqueCamera"
"Avocado","Photorealistic avocado with detailed texture mapping","PBR Showcase","Khronos glTF-Sample-Models","CC0","https://github.com/KhronosGroup/glTF-Sample-Models/tree/main/2.0/Avocado"
"BarramundiFish","Rigged and animated fish demonstrating skinning","Animation","Khronos glTF-Sample-Models","CC0","https://github.com/KhronosGroup/glTF-Sample-Models/tree/main/2.0/BarramundiFish"
"BoomBox","80s-style boombox with metal plastic and glass materials","PBR Showcase","Khronos glTF-Sample-Models","CC0","https://github.com/KhronosGroup/glTF-Sample-Models/tree/main/2.0/BoomBox"
"BoomBoxWithSpecularGlossiness","BoomBox using KHR_materials_pbrSpecularGlossiness extension","PBR Showcase","Khronos glTF-Sample-Models","CC0","https://github.com/KhronosGroup/glTF-Sample-Models/tree/main/2.0/BoomBoxWithSpecularGlossiness"
"Box","Basic untextured box primitive","Primitive","Khronos glTF-Sample-Models","CC0","https://github.com/KhronosGroup/glTF-Sample-Models/tree/main/2.0/Box"
"BoxAnimated","Box with keyframe animation","Animation","Khronos glTF-Sample-Models","CC0","https://github.com/KhronosGroup/glTF-Sample-Models/tree/main/2.0/BoxAnimated"
"BoxInterleaved","Box with interleaved vertex data","Primitive","Khronos glTF-Sample-Models","CC0","https://github.com/KhronosGroup/glTF-Sample-Models/tree/main/2.0/BoxInterleaved"
"BoxTextured","Box with base color texture","Primitive","Khronos glTF-Sample-Models","CC0","https://github.com/KhronosGroup/glTF-Sample-Models/tree/main/2.0/BoxTextured"
"BoxTexturedNonPowerOfTwo","Box with non-power-of-two texture (NPOT test)","Primitive","Khronos glTF-Sample-Models","CC0","https://github.com/KhronosGroup/glTF-Sample-Models/tree/main/2.0/BoxTexturedNonPowerOfTwo"
"BoxVertexColors","Box with per-vertex colors","Primitive","Khronos glTF-Sample-Models","CC0","https://github.com/KhronosGroup/glTF-Sample-Models/tree/main/2.0/BoxVertexColors"
"BrainStem","Anatomical brain stem for medical visualization","PBR Showcase","Khronos glTF-Sample-Models","CC0","https://github.com/KhronosGroup/glTF-Sample-Models/tree/main/2.0/BrainStem"
"Buggy","Cartoonish off-road buggy vehicle with animation","Animation","Khronos glTF-Sample-Models","CC0","https://github.com/KhronosGroup/glTF-Sample-Models/tree/main/2.0/Buggy"
"CesiumMan","Cesium mascot character with running animation (skinning)","Animation","Khronos glTF-Sample-Models","CC0","https://github.com/KhronosGroup/glTF-Sample-Models/tree/main/2.0/CesiumMan"
"CesiumMilkTruck","Vintage milk truck with wheel rotation animation","Animation","Khronos glTF-Sample-Models","CC0","https://github.com/KhronosGroup/glTF-Sample-Models/tree/main/2.0/CesiumMilkTruck"
"Corset","Fabric corset demonstrating sheen and clearcoat materials","PBR Showcase","Khronos glTF-Sample-Models","CC0","https://github.com/KhronosGroup/glTF-Sample-Models/tree/main/2.0/Corset"
"Cube","Basic untextured cube primitive","Primitive","Khronos glTF-Sample-Models","CC0","https://github.com/KhronosGroup/glTF-Sample-Models/tree/main/2.0/Cube"
"DamagedHelmet","The iconic PBR sci-fi helmet with scratches and grime","PBR Showcase","Khronos glTF-Sample-Models","CC0","https://github.com/KhronosGroup/glTF-Sample-Models/tree/main/2.0/DamagedHelmet"
"Diamond","Faceted diamond gemstone model","Primitive","Khronos glTF-Sample-Models","CC0","https://github.com/KhronosGroup/glTF-Sample-Models/tree/main/2.0/Diamond"
"Duck","The classic rubber duck reference model","Primitive","Khronos glTF-Sample-Models","CC0","https://github.com/KhronosGroup/glTF-Sample-Models/tree/main/2.0/Duck"
"FlightHelmet","Detailed pilot helmet with multiple material zones and PBR","PBR Showcase","Khronos glTF-Sample-Models","CC0","https://github.com/KhronosGroup/glTF-Sample-Models/tree/main/2.0/FlightHelmet"
"GearboxAssy","Gearbox assembly with multiple mechanical parts","PBR Showcase","Khronos glTF-Sample-Models","CC0","https://github.com/KhronosGroup/glTF-Sample-Models/tree/main/2.0/GearboxAssy"
"IridescenceLamp","Lamp showcasing iridescence material extension","PBR Showcase","Khronos glTF-Sample-Models","CC0","https://github.com/KhronosGroup/glTF-Sample-Models/tree/main/2.0/IridescenceLamp"
"IridescentDishWithOlives","Glass dish with iridescent olives (iridescence + transmission)","PBR Showcase","Khronos glTF-Sample-Models","CC0","https://github.com/KhronosGroup/glTF-Sample-Models/tree/main/2.0/IridescentDishWithOlives"
"Lantern","Ornate metal lantern with glowing emissive interior","PBR Showcase","Khronos glTF-Sample-Models","CC0","https://github.com/KhronosGroup/glTF-Sample-Models/tree/main/2.0/Lantern"
"LightsPunctualLamp","Lamp using KHR_lights_punctual extension","PBR Showcase","Khronos glTF-Sample-Models","CC0","https://github.com/KhronosGroup/glTF-Sample-Models/tree/main/2.0/LightsPunctualLamp"
"MaterialVariantsShoe","Shoe model with swappable material variants","PBR Showcase","Khronos glTF-Sample-Models","CC0","https://github.com/KhronosGroup/glTF-Sample-Models/tree/main/2.0/MaterialVariantsShoe"
"MetalRoughSpheres","Spheres showing PBR metal/rough gradient","PBR Showcase","Khronos glTF-Sample-Models","CC0","https://github.com/KhronosGroup/glTF-Sample-Models/tree/main/2.0/MetalRoughSpheres"
"MetalRoughSpheresNoTextures","Same metal/rough spheres without textures","PBR Showcase","Khronos glTF-Sample-Models","CC0","https://github.com/KhronosGroup/glTF-Sample-Models/tree/main/2.0/MetalRoughSpheresNoTextures"
"MosquitoInAmber","Mosquito preserved in amber demonstrating transmission","PBR Showcase","Khronos glTF-Sample-Models","CC0","https://github.com/KhronosGroup/glTF-Sample-Models/tree/main/2.0/MosquitoInAmber"
"Outhouse","Wooden outhouse building for PBR and shadow tests","Architecture","Khronos glTF-Sample-Models","CC0","https://github.com/KhronosGroup/glTF-Sample-Models/tree/main/2.0/Outhouse"
"ReciprocatingSaw","Power tool with varied materials","PBR Showcase","Khronos glTF-Sample-Models","CC0","https://github.com/KhronosGroup/glTF-Sample-Models/tree/main/2.0/ReciprocatingSaw"
"SciFiHelmet","Clean sci-fi helmet with specular material extension","PBR Showcase","Khronos glTF-Sample-Models","CC0","https://github.com/KhronosGroup/glTF-Sample-Models/tree/main/2.0/SciFiHelmet"
"SpecGlossVsMetalRough","Spec-gloss vs metal-rough material workflow comparison","PBR Showcase","Khronos glTF-Sample-Models","CC0","https://github.com/KhronosGroup/glTF-Sample-Models/tree/main/2.0/SpecGlossVsMetalRough"
"Sphere","Basic untextured sphere primitive","Primitive","Khronos glTF-Sample-Models","CC0","https://github.com/KhronosGroup/glTF-Sample-Models/tree/main/2.0/Sphere"
"SphereWithPrimitiveColors","Sphere with per-vertex colors","Primitive","Khronos glTF-Sample-Models","CC0","https://github.com/KhronosGroup/glTF-Sample-Models/tree/main/2.0/SphereWithPrimitiveColors"
"Sponza","The famous Sponza atrium for lighting and shadow testing","Architecture","Khronos glTF-Sample-Models","CC0","https://github.com/KhronosGroup/glTF-Sample-Models/tree/main/2.0/Sponza"
"Suzanne","Blender's classic monkey head reference model","Primitive","Khronos glTF-Sample-Models","CC0","https://github.com/KhronosGroup/glTF-Sample-Models/tree/main/2.0/Suzanne"
"ToyCar","Toy car model with materials and animation","Animation","Khronos glTF-Sample-Models","CC0","https://github.com/KhronosGroup/glTF-Sample-Models/tree/main/2.0/ToyCar"
"Triangle","Minimal single triangle primitive","Primitive","Khronos glTF-Sample-Models","CC0","https://github.com/KhronosGroup/glTF-Sample-Models/tree/main/2.0/Triangle"
"TriangleWithoutIndices","Triangle without an index buffer","Primitive","Khronos glTF-Sample-Models","CC0","https://github.com/KhronosGroup/glTF-Sample-Models/tree/main/2.0/TriangleWithoutIndices"
"TwoSidedPlane","Two-sided plane for double-sided material testing","Primitive","Khronos glTF-Sample-Models","CC0","https://github.com/KhronosGroup/glTF-Sample-Models/tree/main/2.0/TwoSidedPlane"
"WaterBottle","Transparent plastic water bottle demonstrating transmission","PBR Showcase","Khronos glTF-Sample-Models","CC0","https://github.com/KhronosGroup/glTF-Sample-Models/tree/main/2.0/WaterBottle"
"AlphaBlendModeTest","Tests KHR_materials_alphaModes extension","Test","Khronos glTF-Sample-Models","CC0","https://github.com/KhronosGroup/glTF-Sample-Models/tree/main/2.0/AlphaBlendModeTest"
"BaseColorFactorTest","Tests base color factor material property","Test","Khronos glTF-Sample-Models","CC0","https://github.com/KhronosGroup/glTF-Sample-Models/tree/main/2.0/BaseColorFactorTest"
"BaseColorTextureLinearityTest","Tests base color texture color space","Test","Khronos glTF-Sample-Models","CC0","https://github.com/KhronosGroup/glTF-Sample-Models/tree/main/2.0/BaseColorTextureLinearityTest"
"BaseColorTextureTransformTest","Tests base color texture transform","Test","Khronos glTF-Sample-Models","CC0","https://github.com/KhronosGroup/glTF-Sample-Models/tree/main/2.0/BaseColorTextureTransformTest"
"EmissiveStrengthTest","Tests KHR_materials_emissive_strength extension","Test","Khronos glTF-Sample-Models","CC0","https://github.com/KhronosGroup/glTF-Sample-Models/tree/main/2.0/EmissiveStrengthTest"
"EnvironmentTest","Tests image-based lighting (IBL)","Test","Khronos glTF-Sample-Models","CC0","https://github.com/KhronosGroup/glTF-Sample-Models/tree/main/2.0/EnvironmentTest"
"MeshPrimitiveModes","Tests various primitive modes (triangles lines points)","Test","Khronos glTF-Sample-Models","CC0","https://github.com/KhronosGroup/glTF-Sample-Models/tree/main/2.0/MeshPrimitiveModes"
"MorphPrimitivesTest","Tests morph targets on primitive shapes","Test","Khronos glTF-Sample-Models","CC0","https://github.com/KhronosGroup/glTF-Sample-Models/tree/main/2.0/MorphPrimitivesTest"
"MorphStressTest","Stress test with many morph targets","Test","Khronos glTF-Sample-Models","CC0","https://github.com/KhronosGroup/glTF-Sample-Models/tree/main/2.0/MorphStressTest"
"MultiUVTest","Tests multiple UV coordinate sets","Test","Khronos glTF-Sample-Models","CC0","https://github.com/KhronosGroup/glTF-Sample-Models/tree/main/2.0/MultiUVTest"
"NegativeScaleTest","Tests negative scaling transformations","Test","Khronos glTF-Sample-Models","CC0","https://github.com/KhronosGroup/glTF-Sample-Models/tree/main/2.0/NegativeScaleTest"
"NormalTangentMirrorTest","Tests mirrored normal and tangent handling","Test","Khronos glTF-Sample-Models","CC0","https://github.com/KhronosGroup/glTF-Sample-Models/tree/main/2.0/NormalTangentMirrorTest"
"NormalTangentTest","Tests normal and tangent generation","Test","Khronos glTF-Sample-Models","CC0","https://github.com/KhronosGroup/glTF-Sample-Models/tree/main/2.0/NormalTangentTest"
"OrientationTest","Tests coordinate system orientation","Test","Khronos glTF-Sample-Models","CC0","https://github.com/KhronosGroup/glTF-Sample-Models/tree/main/2.0/OrientationTest"
"RecursiveSkeletons","Tests nested skeleton hierarchies","Test","Khronos glTF-Sample-Models","CC0","https://github.com/KhronosGroup/glTF-Sample-Models/tree/main/2.0/RecursiveSkeletons"
"SimpleInstancing","Tests GPU instancing extension","Test","Khronos glTF-Sample-Models","CC0","https://github.com/KhronosGroup/glTF-Sample-Models/tree/main/2.0/SimpleInstancing"
"SimpleMeshes","Tests multiple meshes in one scene","Test","Khronos glTF-Sample-Models","CC0","https://github.com/KhronosGroup/glTF-Sample-Models/tree/main/2.0/SimpleMeshes"
"SimpleMorph","Tests simple morph target animation","Test","Khronos glTF-Sample-Models","CC0","https://github.com/KhronosGroup/glTF-Sample-Models/tree/main/2.0/SimpleMorph"
"SimpleSkin","Tests basic skinned mesh","Test","Khronos glTF-Sample-Models","CC0","https://github.com/KhronosGroup/glTF-Sample-Models/tree/main/2.0/SimpleSkin"
"SimpleSparseAccessor","Tests sparse accessor feature","Test","Khronos glTF-Sample-Models","CC0","https://github.com/KhronosGroup/glTF-Sample-Models/tree/main/2.0/SimpleSparseAccessor"
"TextureCoordinateTest","Tests texture coordinate handling","Test","Khronos glTF-Sample-Models","CC0","https://github.com/KhronosGroup/glTF-Sample-Models/tree/main/2.0/TextureCoordinateTest"
"TextureEncodingTest","Tests sRGB vs linear texture encoding","Test","Khronos glTF-Sample-Models","CC0","https://github.com/KhronosGroup/glTF-Sample-Models/tree/main/2.0/TextureEncodingTest"
"TextureLinearInterpolationTest","Tests texture filtering modes","Test","Khronos glTF-Sample-Models","CC0","https://github.com/KhronosGroup/glTF-Sample-Models/tree/main/2.0/TextureLinearInterpolationTest"
"TextureSettingsTest","Tests texture wrap and filter settings","Test","Khronos glTF-Sample-Models","CC0","https://github.com/KhronosGroup/glTF-Sample-Models/tree/main/2.0/TextureSettingsTest"
"TextureTransformMultiTest","Tests multiple texture transforms","Test","Khronos glTF-Sample-Models","CC0","https://github.com/KhronosGroup/glTF-Sample-Models/tree/main/2.0/TextureTransformMultiTest"
"TextureTransformTest","Tests texture transform feature","Test","Khronos glTF-Sample-Models","CC0","https://github.com/KhronosGroup/glTF-Sample-Models/tree/main/2.0/TextureTransformTest"
"TransmissionTest","Tests KHR_materials_transmission extension","Test","Khronos glTF-Sample-Models","CC0","https://github.com/KhronosGroup/glTF-Sample-Models/tree/main/2.0/TransmissionTest"
"UnlitTest","Tests unlit (non-PBR) materials","Test","Khronos glTF-Sample-Models","CC0","https://github.com/KhronosGroup/glTF-Sample-Models/tree/main/2.0/UnlitTest"
"VC","Tests vertex color rendering","Test","Khronos glTF-Sample-Models","CC0","https://github.com/KhronosGroup/glTF-Sample-Models/tree/main/2.0/VC"
"VertexColorTest","Tests vertex color attribute","Test","Khronos glTF-Sample-Models","CC0","https://github.com/KhronosGroup/glTF-Sample-Models/tree/main/2.0/VertexColorTest"
"NoSubscription","Horseshoe magnet sculpture","PBR Showcase","Khronos glTF-Sample-Models","CC0","https://github.com/KhronosGroup/glTF-Sample-Models/tree/main/2.0/NoSubscription"
"UnicodeTest","Tests Unicode handling in glTF JSON","Test","Khronos glTF-Sample-Models","CC0","https://github.com/KhronosGroup/glTF-Sample-Models/tree/main/2.0/UnicodeTest"
"AnimatedCube","Simple animated cube","Animation","Khronos glTF-Sample-Models","CC0","https://github.com/KhronosGroup/glTF-Sample-Models/tree/main/2.0/AnimatedCube"
"AnimatedMorphCube","Cube with morph target animation","Animation","Khronos glTF-Sample-Models","CC0","https://github.com/KhronosGroup/glTF-Sample-Models/tree/main/2.0/AnimatedMorphCube"
"AnimatedMorphSphere","Sphere with morph target animation","Animation","Khronos glTF-Sample-Models","CC0","https://github.com/KhronosGroup/glTF-Sample-Models/tree/main/2.0/AnimatedMorphSphere"
"AnimatedTriangle","Animated triangle with keyframes","Animation","Khronos glTF-Sample-Models","CC0","https://github.com/KhronosGroup/glTF-Sample-Models/tree/main/2.0/AnimatedTriangle"
"RiggedFigure","Simple humanoid figure for skinning tests","Animation","Khronos glTF-Sample-Models","CC0","https://github.com/KhronosGroup/glTF-Sample-Models/tree/main/2.0/RiggedFigure"
"RiggedSimple","Simpler rigged mesh for skinning tests","Animation","Khronos glTF-Sample-Models","CC0","https://github.com/KhronosGroup/glTF-Sample-Models/tree/main/2.0/RiggedSimple"
"All In One File","Mega bundle containing many Quaternius assets combined","Bundle","Quaternius","CC0","https://quaternius.com/"
"Downtown City MegaKit","Large modular city building kit for urban environments","Environment","Quaternius","CC0","https://quaternius.com/"
"Universal Animation Library 2","Second edition of universal animation library for any rigged character","Animation","Quaternius","CC0","https://quaternius.com/"
"Modular Character Outfits - Fantasy","Modular fantasy character outfits and equipment","Characters","Quaternius","CC0","https://quaternius.com/"
"Universal Base Characters","Base character models (male female) for customization","Characters","Quaternius","CC0","https://quaternius.com/"
"Fantasy Props MegaKit","Large collection of fantasy-themed props and items","Props","Quaternius","CC0","https://quaternius.com/"
"Universal Animation Library","Universal animation library for any rigged character","Animation","Quaternius","CC0","https://quaternius.com/"
"Medieval Village MegaKit","Mega kit for building medieval village environments","Environment","Quaternius","CC0","https://quaternius.com/"
"Sci-Fi Essentials Kit","Essential sci-fi props and items kit","Props","Quaternius","CC0","https://quaternius.com/"
"Modular Sci-Fi Megakit","Modular kit for sci-fi environment construction","Environment","Quaternius","CC0","https://quaternius.com/"
"Stylized Nature MegaKit","Mega kit with stylized trees rocks and natural elements","Environment","Quaternius","CC0","https://quaternius.com/"
"3D Card Kit - Fantasy","Fantasy-themed 3D card game assets","Game Assets","Quaternius","CC0","https://quaternius.com/"
"Zombie Apocalypse Kit","Zombie and post-apocalyptic themed assets","Game Assets","Quaternius","CC0","https://quaternius.com/"
"Pirate Kit","Pirate-themed assets and characters","Game Assets","Quaternius","CC0","https://quaternius.com/"
"Cube World Kit","Voxel/cube-style world building assets","Game Assets","Quaternius","CC0","https://quaternius.com/"
"Sushi Restaurant Kit","Sushi restaurant interior and food assets","Game Assets","Quaternius","CC0","https://quaternius.com/"
"Ultimate Space Kit","Space-themed assets including planets ships and equipment","Game Assets","Quaternius","CC0","https://quaternius.com/"
"Toon Shooter Game Kit","Stylized shooter game assets","Game Assets","Quaternius","CC0","https://quaternius.com/"
"Ultimate Monsters","Large collection of monster characters","Characters","Quaternius","CC0","https://quaternius.com/"
"Ultimate Fantasy RTS","Assets for real-time strategy fantasy games","Game Assets","Quaternius","CC0","https://quaternius.com/"
"Cyberpunk Game Kit","Cyberpunk themed game assets","Game Assets","Quaternius","CC0","https://quaternius.com/"
"Ultimate Stylized Nature Pack","Stylized nature elements pack","Environment","Quaternius","CC0","https://quaternius.com/"
"Ultimate Modular Women Pack","Modular women character customization pack","Characters","Quaternius","CC0","https://quaternius.com/"
"Ultimate Modular Men Pack","Modular men character customization pack","Characters","Quaternius","CC0","https://quaternius.com/"
"Platformer Game Kit","Assets for 2.5D/3D platformer games","Game Assets","Quaternius","CC0","https://quaternius.com/"
"Sci-Fi Modular Gun Pack","Modular sci-fi weapon pack","Weapons","Quaternius","CC0","https://quaternius.com/"
"Ultimate Modular Ruins Pack","Modular ancient ruins environment pack","Environment","Quaternius","CC0","https://quaternius.com/"
"Ultimate Animated Animal Pack","Large pack of animated animal characters","Characters","Quaternius","CC0","https://quaternius.com/"
"Ultimate Spaceships Pack","Large spaceship model pack","Vehicles","Quaternius","CC0","https://quaternius.com/"
"Animated Mech Pack","Animated mech robot characters","Characters","Quaternius","CC0","https://quaternius.com/"
"Ultimate Modular Sci-Fi Pack","Modular sci-fi environment pack","Environment","Quaternius","CC0","https://quaternius.com/"
"Medieval Village Pack","Medieval village themed assets","Game Assets","Quaternius","CC0","https://quaternius.com/"
"RPG Character Pack","RPG-themed character assets","Characters","Quaternius","CC0","https://quaternius.com/"
"Survival Pack","Survival game themed assets","Game Assets","Quaternius","CC0","https://quaternius.com/"
"Cute Animated Monsters Pack","Cute stylized monster characters","Characters","Quaternius","CC0","https://quaternius.com/"
"Ultimate House Interior Pack","House interior furniture and decor pack","Environment","Quaternius","CC0","https://quaternius.com/"
"Stylized Tree Pack","Stylized tree models pack","Environment","Quaternius","CC0","https://quaternius.com/"
"Steampunk Turret Pack","Steampunk themed turrets and defenses","Weapons","Quaternius","CC0","https://quaternius.com/"
"Animated Cute Fish Pack","Animated cute stylized fish characters","Characters","Quaternius","CC0","https://quaternius.com/"
"Ultimate Crops Pack","Farm crop plants pack","Environment","Quaternius","CC0","https://quaternius.com/"
"Ultimate Buildings Pack","Large building construction pack","Environment","Quaternius","CC0","https://quaternius.com/"
"Ultimate Animated Character Pack","Large animated character pack","Characters","Quaternius","CC0","https://quaternius.com/"
"Ultimate Food Pack","Food and kitchen item models pack","Props","Quaternius","CC0","https://quaternius.com/"
"Ultimate RPG Pack","Large RPG game asset pack","Game Assets","Quaternius","CC0","https://quaternius.com/"
"Ultimate Guns Pack","Large weapon and firearm pack","Weapons","Quaternius","CC0","https://quaternius.com/"
"Ultimate Nature Pack","Large nature environment pack","Environment","Quaternius","CC0","https://quaternius.com/"
"Animated Tanks Pack","Animated tank vehicles pack","Vehicles","Quaternius","CC0","https://quaternius.com/"
"Modular Dungeons Pack","Modular dungeon environment pack","Environment","Quaternius","CC0","https://quaternius.com/"
"Modular Train Pack","Modular train vehicle pack","Vehicles","Quaternius","CC0","https://quaternius.com/"
"Animated Alien Pack","Animated alien character pack","Characters","Quaternius","CC0","https://quaternius.com/"
"Ultimate Furniture Pack","Large furniture model pack","Props","Quaternius","CC0","https://quaternius.com/"
"Animated Women Pack","Animated women character pack","Characters","Quaternius","CC0","https://quaternius.com/"
"Animated Men Pack","Animated men character pack","Characters","Quaternius","CC0","https://quaternius.com/"
"Easy Enemy Pack","Simple enemy character pack for games","Characters","Quaternius","CC0","https://quaternius.com/"
"Buildings Pack","Building model pack","Environment","Quaternius","CC0","https://quaternius.com/"
"Animated Dinosaur Pack","Animated dinosaur character pack","Characters","Quaternius","CC0","https://quaternius.com/"
"Cars Pack","Car vehicle model pack","Vehicles","Quaternius","CC0","https://quaternius.com/"
"Modular Platformer Pack","Modular platformer game asset pack","Game Assets","Quaternius","CC0","https://quaternius.com/"
"Animated Robot Pack","Animated robot character pack","Characters","Quaternius","CC0","https://quaternius.com/"
"Farm Buildings Pack","Farm themed building pack","Environment","Quaternius","CC0","https://quaternius.com/"
"Modular Weapons Pack","Modular weapon and tool pack","Weapons","Quaternius","CC0","https://quaternius.com/"
"Background Posed Humans Pack","Posed human character pack for background scenes","Characters","Quaternius","CC0","https://quaternius.com/"
"Animated Monster Pack","Animated monster character pack","Characters","Quaternius","CC0","https://quaternius.com/"
"Animated Knight Pack","Animated knight character pack","Characters","Quaternius","CC0","https://quaternius.com/"
"Farm Animal Pack","Farm animal model pack","Characters","Quaternius","CC0","https://quaternius.com/"
"Animated Guns Pack","Animated weapon and gun pack","Weapons","Quaternius","CC0","https://quaternius.com/"
"Sci-Fi Gun Pack","Sci-fi themed weapon pack","Weapons","Quaternius","CC0","https://quaternius.com/"
"Animated Fish Pack","Animated fish character pack","Characters","Quaternius","CC0","https://quaternius.com/"
"Modular Streets Pack","Modular street and road pack","Environment","Quaternius","CC0","https://quaternius.com/"
"Ships Pack","Ship vehicle model pack","Vehicles","Quaternius","CC0","https://quaternius.com/"
"Modular Dungeon Pack","Modular dungeon environment pack","Environment","Quaternius","CC0","https://quaternius.com/"
"Spaceships Pack","Spaceship model pack","Vehicles","Quaternius","CC0","https://quaternius.com/"
"Animated Zombie Pack","Animated zombie character pack","Characters","Quaternius","CC0","https://quaternius.com/"
"Animated Woman Pack","Animated single woman character pack","Characters","Quaternius","CC0","https://quaternius.com/"
"Animated Man Pack","Animated single man character pack","Characters","Quaternius","CC0","https://quaternius.com/"
"Furniture Pack","Furniture model pack","Props","Quaternius","CC0","https://quaternius.com/"
"Simple Buildings Pack","Simple building model pack","Environment","Quaternius","CC0","https://quaternius.com/"
"Modular Medieval Building Pack","Modular medieval building pack","Environment","Quaternius","CC0","https://quaternius.com/"
"RPG Essentials Pack","Essential RPG game asset pack","Game Assets","Quaternius","CC0","https://quaternius.com/"
"Junk Food Pack","Junk food and snack model pack","Props","Quaternius","CC0","https://quaternius.com/"
"Texture Fantasy Nature Pack","Fantasy nature themed texture pack","Textures","Quaternius","CC0","https://quaternius.com/"
"Public Transport Pack","Public transport vehicle pack","Vehicles","Quaternius","CC0","https://quaternius.com/"
"Simple Nature Pack","Simple nature model pack","Environment","Quaternius","CC0","https://quaternius.com/"
"Factory Kit","Low-poly factory buildings and machinery","Environment","Kenney","CC0","https://kenney.nl/assets/factory-kit"
"Car Kit","Low-poly stylized car pack","Vehicles","Kenney","CC0","https://kenney.nl/assets/car-kit"
"Platformer Kit","Platformer game assets including blocks enemies and items","Game Assets","Kenney","CC0","https://kenney.nl/assets/platformer-kit"
"Cube Pets","Cute cube-style pet characters","Characters","Kenney","CC0","https://kenney.nl/assets/cube-pets"
"Modular Dungeon Kit","Modular dungeon environment kit","Environment","Kenney","CC0","https://kenney.nl/assets/modular-dungeon-kit"
"Pirate Kit","Pirate themed game assets","Game Assets","Kenney","CC0","https://kenney.nl/assets/pirate-kit"
"Mini Dungeon","Mini-sized dungeon environment kit","Environment","Kenney","CC0","https://kenney.nl/assets/mini-dungeon"
"Modular Space Kit","Modular space station/ship kit","Environment","Kenney","CC0","https://kenney.nl/assets/modular-space-kit"
"Graveyard Kit","Graveyard themed environment assets","Environment","Kenney","CC0","https://kenney.nl/assets/graveyard-kit"
"Airplane Kit","Low-poly airplane pack","Vehicles","Kenney","CC0","https://kenney.nl/assets/airplane-kit"
"Animal Pack","Animal character pack","Characters","Kenney","CC0","https://kenney.nl/assets/animal-pack"
"Blocky Characters","Block-style character pack","Characters","Kenney","CC0","https://kenney.nl/assets/blocky-characters"
"Board Game Kit","Board game themed assets","Game Assets","Kenney","CC0","https://kenney.nl/assets/board-game-kit"
"City Kit (Commercial / Town)","City building and town environment kit","Environment","Kenney","CC0","https://kenney.nl/assets/city-kit"
"Construction Kit","Construction themed assets and equipment","Game Assets","Kenney","CC0","https://kenney.nl/assets/construction-kit"
"Defense Kit","Defense and turret assets","Game Assets","Kenney","CC0","https://kenney.nl/assets/defense-kit"
"Farm Kit","Farm themed environment assets","Environment","Kenney","CC0","https://kenney.nl/assets/farm-kit"
"Fighter Jets","Fighter jet aircraft pack","Vehicles","Kenney","CC0","https://kenney.nl/assets/fighter-jets"
"Furniture Kit","Furniture model pack","Props","Kenney","CC0","https://kenney.nl/assets/furniture-kit"
"Hexagon Kit","Hexagon tile-based game assets","Game Assets","Kenney","CC0","https://kenney.nl/assets/hexagon-kit"
"Isometric Rooms","Isometric room environment assets","Environment","Kenney","CC0","https://kenney.nl/assets/isometric-rooms"
"Mini Battles","Mini-sized battle game assets","Game Assets","Kenney","CC0","https://kenney.nl/assets/mini-battles"
"Mini Cars","Mini-sized car vehicles","Vehicles","Kenney","CC0","https://kenney.nl/assets/mini-cars"
"Mini Characters","Mini-sized character pack","Characters","Kenney","CC0","https://kenney.nl/assets/mini-characters"
"Mini Enemies","Mini-sized enemy characters","Characters","Kenney","CC0","https://kenney.nl/assets/mini-enemies"
"Mini Golf Kit","Mini golf course assets","Game Assets","Kenney","CC0","https://kenney.nl/assets/mini-golf-kit"
"Mini Guns","Mini-sized weapon pack","Weapons","Kenney","CC0","https://kenney.nl/assets/mini-guns"
"Mini Market","Mini market stall assets","Environment","Kenney","CC0","https://kenney.nl/assets/mini-market"
"Mini Monsters","Mini-sized monster characters","Characters","Kenney","CC0","https://kenney.nl/assets/mini-monsters"
"Mini Ninja","Mini-sized ninja characters","Characters","Kenney","CC0","https://kenney.nl/assets/mini-ninja"
"Mini Office","Mini office environment assets","Environment","Kenney","CC0","https://kenney.nl/assets/mini-office"
"Mini People","Mini-sized people characters","Characters","Kenney","CC0","https://kenney.nl/assets/mini-people"
"Mini Racing","Mini-sized racing game assets","Game Assets","Kenney","CC0","https://kenney.nl/assets/mini-racing"
"Mini Sports","Mini-sized sports game assets","Game Assets","Kenney","CC0","https://kenney.nl/assets/mini-sports"
"Mini Tanks","Mini-sized tank vehicles","Vehicles","Kenney","CC0","https://kenney.nl/assets/mini-tanks"
"Mini Town","Mini-sized town environment","Environment","Kenney","CC0","https://kenney.nl/assets/mini-town"
"Mini UFOs","Mini-sized UFO vehicles","Vehicles","Kenney","CC0","https://kenney.nl/assets/mini-ufos"
"Mini Vehicles","Mini-sized vehicle pack","Vehicles","Kenney","CC0","https://kenney.nl/assets/mini-vehicles"
"Mini Warships","Mini-sized warship vehicles","Vehicles","Kenney","CC0","https://kenney.nl/assets/mini-warships"
"Mini Western","Mini-sized western themed assets","Game Assets","Kenney","CC0","https://kenney.nl/assets/mini-western"
"Mini Zombie","Mini-sized zombie characters","Characters","Kenney","CC0","https://kenney.nl/assets/mini-zombie"
"Modern Office","Modern office interior assets","Environment","Kenney","CC0","https://kenney.nl/assets/modern-office"
"Modular Buildings","Modular building block kit","Environment","Kenney","CC0","https://kenney.nl/assets/modular-buildings"
"Modular Forest","Modular forest environment kit","Environment","Kenney","CC0","https://kenney.nl/assets/modular-forest"
"Modular Highway","Modular highway and road kit","Environment","Kenney","CC0","https://kenney.nl/assets/modular-highway"
"Modular Interiors","Modular interior room kit","Environment","Kenney","CC0","https://kenney.nl/assets/modular-interiors"
"Monster Pack","Monster character pack","Characters","Kenney","CC0","https://kenney.nl/assets/monster-pack"
"Pinball Pack","Pinball machine themed assets","Game Assets","Kenney","CC0","https://kenney.nl/assets/pinball-pack"
"Platformer (Deluxe)","Deluxe platformer game asset kit","Game Assets","Kenney","CC0","https://kenney.nl/assets/platformer-deluxe"
"Racing Kit","Racing game assets and vehicles","Game Assets","Kenney","CC0","https://kenney.nl/assets/racing-kit"
"Robot Kit","Robot character pack","Characters","Kenney","CC0","https://kenney.nl/assets/robot-kit"
"Roguelike Pack","Roguelike game assets","Game Assets","Kenney","CC0","https://kenney.nl/assets/roguelike-pack"
"Sci-Fi Kit","Sci-fi themed game assets","Game Assets","Kenney","CC0","https://kenney.nl/assets/sci-fi-kit"
"Shape Characters","Shape-based character pack","Characters","Kenney","CC0","https://kenney.nl/assets/shape-characters"
"Space Kit","Space themed environment assets","Environment","Kenney","CC0","https://kenney.nl/assets/space-kit"
"Spaceship Kit","Spaceship vehicle pack","Vehicles","Kenney","CC0","https://kenney.nl/assets/spaceship-kit"
"Sports Kit","Sports themed game assets","Game Assets","Kenney","CC0","https://kenney.nl/assets/sports-kit"
"Strategy Kit","Strategy game assets","Game Assets","Kenney","CC0","https://kenney.nl/assets/strategy-kit"
"Tower Defense Kit","Tower defense game assets","Game Assets","Kenney","CC0","https://kenney.nl/assets/tower-defense-kit"
"Toy Tank Kit","Toy tank vehicle pack","Vehicles","Kenney","CC0","https://kenney.nl/assets/toy-tank-kit"
"Train Kit","Train vehicle pack","Vehicles","Kenney","CC0","https://kenney.nl/assets/train-kit"
"Turret Kit","Turret weapon pack","Weapons","Kenney","CC0","https://kenney.nl/assets/turret-kit"
"Vehicle Kit","General vehicle pack","Vehicles","Kenney","CC0","https://kenney.nl/assets/vehicle-kit"
"War Kit","War themed game assets","Game Assets","Kenney","CC0","https://kenney.nl/assets/war-kit"
"Weapon Kit","General weapon pack","Weapons","Kenney","CC0","https://kenney.nl/assets/weapon-kit"
"Western Kit","Western themed game assets","Game Assets","Kenney","CC0","https://kenney.nl/assets/western-kit"
"Zombie Pack","Zombie character pack","Characters","Kenney","CC0","https://kenney.nl/assets/zombie-pack"
"1999 RQ36 asteroid","Asteroid 1999 RQ36 (Bennu) 3D model","Space","NASA 3D Resources","Public Domain","https://science.nasa.gov/3d-resources/?current_page=1"
"3D Model: Nancy Grace Roman Space Telescope","NASA Nancy Grace Roman Space Telescope model A","Space","NASA 3D Resources","Public Domain","https://science.nasa.gov/3d-resources/?current_page=1"
"3D Model: Nancy Grace Roman Space Telescope (A)","NASA Nancy Grace Roman Space Telescope variant A","Space","NASA 3D Resources","Public Domain","https://science.nasa.gov/3d-resources/?current_page=1"
"70 meter dish","NASA 70-meter deep space network dish antenna","Space","NASA 3D Resources","Public Domain","https://science.nasa.gov/3d-resources/?current_page=1"
"Active Cavity Irradiance Monitor Satellite (AcrimSAT) (A)","AcrimSAT satellite model variant A","Space","NASA 3D Resources","Public Domain","https://science.nasa.gov/3d-resources/?current_page=1"
"Active Cavity Irradiance Monitor Satellite (AcrimSAT) (B)","AcrimSAT satellite model variant B","Space","NASA 3D Resources","Public Domain","https://science.nasa.gov/3d-resources/?current_page=1"
"Advanced Composition Explorer","NASA Advanced Composition Explorer (ACE) satellite","Space","NASA 3D Resources","Public Domain","https://science.nasa.gov/3d-resources/?current_page=1"
"Advanced Crew Escape Suit","NASA advanced crew escape suit model","Space","NASA 3D Resources","Public Domain","https://science.nasa.gov/3d-resources/?current_page=1"
"Advanced Technology Large-Aperture Space Telescope (ATLAST)","ATLAST concept space telescope model","Space","NASA 3D Resources","Public Domain","https://science.nasa.gov/3d-resources/?current_page=1"
"Aeronomy of Ice in the Mesosphere","NASA AIM satellite model","Space","NASA 3D Resources","Public Domain","https://science.nasa.gov/3d-resources/?current_page=1"
"Agena Target Vehicle","NASA Agena target vehicle","Space","NASA 3D Resources","Public Domain","https://science.nasa.gov/3d-resources/?current_page=1"
"Apollo 11 - Landing Site","Apollo 11 landing site terrain model","Space","NASA 3D Resources","Public Domain","https://science.nasa.gov/3d-resources/?current_page=1"
"Apollo 11 - View of the Moon","Apollo 11 moon surface model","Space","NASA 3D Resources","Public Domain","https://science.nasa.gov/3d-resources/?current_page=1"
"Apollo 12 - Landing Site","Apollo 12 landing site terrain model","Space","NASA 3D Resources","Public Domain","https://science.nasa.gov/3d-resources/?current_page=1"
"Apollo 14 - Landing Site","Apollo 14 landing site terrain model","Space","NASA 3D Resources","Public Domain","https://science.nasa.gov/3d-resources/?current_page=1"
"Pillars of Creation Nebula","NASA Pillars of Creation nebula model (latest asset)","Space","NASA 3D Resources","Public Domain","https://science.nasa.gov/3d-resources/?current_page=1"
"Poly Haven Props","Scanned 3D props (rocks pots small objects)","Props","Poly Haven","CC0","https://polyhaven.com/models/props"
"Poly Haven Furniture","Scanned 3D furniture models","Furniture","Poly Haven","CC0","https://polyhaven.com/models/furniture"
"Poly Haven Decorative","Decorative 3D models","Decorative","Poly Haven","CC0","https://polyhaven.com/models/decorative"
"Poly Haven Industrial","Industrial themed 3D models","Industrial","Poly Haven","CC0","https://polyhaven.com/models/industrial"
"Poly Haven Appliances","Appliance 3D models","Appliances","Poly Haven","CC0","https://polyhaven.com/models/appliances"
"Poly Haven Nature","Nature scanned 3D models (trees rocks plants)","Nature","Poly Haven","CC0","https://polyhaven.com/models/nature"
"Poly Haven Electronics","Electronic 3D models","Electronics","Poly Haven","CC0","https://polyhaven.com/models/electronics"
"Poly Haven Tools","Tool 3D models","Tools","Poly Haven","CC0","https://polyhaven.com/models/tools"
"Poly Haven Lighting","Lighting fixture 3D models","Lighting","Poly Haven","CC0","https://polyhaven.com/models/lighting"
"Mixamo Characters","Free rigged characters with animation library (Adobe ID required)","Characters","Mixamo","Free for use","https://www.mixamo.com/"
"VRM Avatars","VRM format avatars for VTuber and game use","Characters","VRM Consortium","Various","https://vrm.dev/en/"
"Ready Player Me Avatars","Free avatar API and library","Characters","Ready Player Me","Free for use","https://readyplayer.me/"
"Smithsonian 3D Collections","3D scanned museum artifacts and historical objects","Architecture","Smithsonian 3D","CC0","https://3d.si.edu/"
"Scan the World","Photogrammetry scans of museum artifacts and sculptures","Architecture","MyMiniFactory","CC-BY","https://www.myminifactory.com/scantheworld"
"Sketchfab Free Models","Community uploaded 3D models filterable by Creative Commons license","Mixed","Sketchfab","CC (filterable)","https://sketchfab.com/download"
"Sketchfab Character Library","Sketchfab character model collection","Characters","Sketchfab","CC (filterable)","https://sketchfab.com/tags/character"
"Sketchfab Weapon Library","Sketchfab weapon model collection","Weapons","Sketchfab","CC (filterable)","https://sketchfab.com/tags/weapon"
"Sketchfab Vehicle Library","Sketchfab vehicle model collection","Vehicles","Sketchfab","CC (filterable)","https://sketchfab.com/tags/vehicle"
"Sketchfab Animal Library","Sketchfab animal model collection","Characters","Sketchfab","CC (filterable)","https://sketchfab.com/tags/animal"
"Sketchfab Building Library","Sketchfab building model collection","Environment","Sketchfab","CC (filterable)","https://sketchfab.com/tags/building"
"Sketchfab Tree Library","Sketchfab tree model collection","Environment","Sketchfab","CC (filterable)","https://sketchfab.com/tags/tree"
"Sketchfab Car Library","Sketchfab car model collection","Vehicles","Sketchfab","CC (filterable)","https://sketchfab.com/tags/car"
"Sketchfab Dragon Library","Sketchfab dragon model collection","Characters","Sketchfab","CC (filterable)","https://sketchfab.com/tags/dragon"
"Sketchfab Soldier Library","Sketchfab soldier model collection","Characters","Sketchfab","CC (filterable)","https://sketchfab.com/tags/soldier"
"Sketchfab Pistol Library","Sketchfab pistol model collection","Weapons","Sketchfab","CC (filterable)","https://sketchfab.com/tags/pistol"
"Sketchfab Gun Library","Sketchfab gun model collection","Weapons","Sketchfab","CC (filterable)","https://sketchfab.com/tags/gun"
"Sketchfab People-and-Characters","Sketchfab people and character collection","Characters","Sketchfab","CC (filterable)","https://poly.pizza/tags/People-and-Characters"
"Poly Pizza Free Models","Archive of Google Poly 10500+ free 3D models","Mixed","Poly Pizza","CC (filterable)","https://poly.pizza/"
"BlendSwap Models","Blender-format (.blend) free models from community","Mixed","BlendSwap","Varies per artist","https://www.blendswap.com/"
"Free3D Models","Free 3D model library with varied quality and licenses","Mixed","Free3D","Varies","https://free3d.com/"
"Free3DBase Models","Free 3D model library","Mixed","Free3DBase","Varies","https://free3dbase.com/"
"Thingiverse Models","3D printable model library primarily for 3D printing","Mixed","Thingiverse","CC-BY (mostly)","https://www.thingiverse.com/"
"TurboSquid Free Models","Free 3D model section of TurboSquid marketplace","Mixed","TurboSquid","Varies","https://www.turbosquid.com/Search/3D-Models/free"
"CGTrader Free Models","Free 3D model section of CGTrader marketplace","Mixed","CGTrader","Varies","https://www.cgtrader.com/free-3d-models"
"Clara.io Library","Online free 3D model library","Mixed","Clara.io","Free for use","https://clara.io/library"
"3D Warehouse (SketchUp)","SketchUp format 3D model community library","Mixed","3D Warehouse","Varies","https://3dwarehouse.sketchup.com/"
"Adobe Substance Assets","3D assets and materials library (free tier available)","Mixed","Adobe Substance","Free tier available","https://substance3d.adobe.com/assets"
"ambientCG Models","CC0 3D models and PBR textures","Mixed","ambientCG","CC0","https://ambientcg.com/"
"Cults3D Free Models","3D printable and viewable models with free section","Mixed","Cults3D","Varies","https://cults3d.com/"
"MyMiniFactory Free Models","3D printable models with free section and CC options","Mixed","MyMiniFactory","CC (filterable)","https://www.myminifactory.com/"
"Open3dModel Library","Free 3D model library with daily updates","Mixed","Open3dModel","Varies","http://open3dmodel.com/"
"ESA Space Models","European Space Agency 3D models of spacecraft and missions","Space","ESA","Varies","https://www.esa.int/ESA_Multimedia/Videos"
"Sketchfab League of Legends","League of Legends fan-made 3D models","Characters","Sketchfab","CC (filterable)","https://sketchfab.com/tags/leagueoflegends"
"Sketchfab Free Flashlight","Free flashlight 3D models collection","Props","Sketchfab","CC (filterable)","https://sketchfab.com/tags/free-flashlight"
"RoyaltyFree3DModels Library","Royalty free 3D models textures and tutorials","Mixed","RoyaltyFree3DModels","Varies","http://www.royaltyfree3dmodels.wikidot.com/"
"Three.js Examples - gltf folder","All glTF models in the official three.js examples collection","Mixed","Three.js Examples","MIT/CC0","https://github.com/mrdoob/three.js/tree/dev/examples/models/gltf"
"Three.js Examples - gltf-compressed","Draco/Meshopt compressed glTF models","Mixed","Three.js Examples","MIT/CC0","https://github.com/mrdoob/three.js/tree/dev/examples/models/gltf-compressed"
"Three.js Examples - obj","OBJ format models (figures hands)","Mixed","Three.js Examples","MIT/CC0","https://github.com/mrdoob/three.js/tree/dev/examples/models/obj"
"Three.js Examples - fbx","FBX format animated models","Mixed","Three.js Examples","MIT/CC0","https://github.com/mrdoob/three.js/tree/dev/examples/models/fbx"
"Three.js Examples - collada","DAE/Collada format models","Mixed","Three.js Examples","MIT/CC0","https://github.com/mrdoob/three.js/tree/dev/examples/models/collada"
"Three.js Examples - stl","STL format 3D printable models","Mixed","Three.js Examples","MIT/CC0","https://github.com/mrdoob/three.js/tree/dev/examples/models/stl"
"Three.js Examples - ply","PLY format point cloud and mesh models","Mixed","Three.js Examples","MIT/CC0","https://github.com/mrdoob/three.js/tree/dev/examples/models/ply"
"Three.js Examples - vox","MagicaVoxel format voxel models","Mixed","Three.js Examples","MIT/CC0","https://github.com/mrdoob/three.js/tree/dev/examples/models/vox"
"Three.js Examples - vtk","VTK format scientific models","Mixed","Three.js Examples","MIT/CC0","https://github.com/mrdoob/three.js/tree/dev/examples/models/vtk"
"Three.js Examples - 3mf","3MF format 3D print models","Mixed","Three.js Examples","MIT/CC0","https://github.com/mrdoob/three.js/tree/dev/examples/models/3mf"
"Three.js Examples - draco","Draco geometry compression samples","Mixed","Three.js Examples","MIT/CC0","https://github.com/mrdoob/three.js/tree/dev/examples/models/draco"
"Three.js Examples - gcode","G-code samples for 3D printing paths","Mixed","Three.js Examples","MIT/CC0","https://github.com/mrdoob/three.js/tree/dev/examples/models/gcode"
"Three.js Examples - json","Three.js native JSON format models","Mixed","Three.js Examples","MIT/CC0","https://github.com/mrdoob/three.js/tree/dev/examples/models/json"
